Job Title,LinkedIn Function,Seniority
Chief Executive Officer,Entrepreneurship,Executive
Founder,Entrepreneurship,Executive
Chief Marketing Officer,Marketing,Executive
Chief Technology Officer,Information Technology,Executive
Chief Financial Officer,Finance,Executive
Chief Operating Officer,Operations,Executive
Chief Product Officer,Product Management,Executive
Chief Revenue Officer,Sales,Executive
VP of Marketing,Marketing,Director
VP of Sales,Sales,Director
VP of Engineering,Engineering,Director
VP of Product,Product Management,Director
VP of Finance,Finance,Director
Marketing Director,Marketing,Director
Sales Director,Sales,Director
Engineering Director,Engineering,Director
Director of Operations,Operations,Director
Director of Product Management,Product Management,Director
Director of Human Resources,Human Resources,Director
Director of Demand Generation,Marketing,Director
Head of Growth,Marketing,Director
Head of Content,Media and Communications,Director
Marketing Manager,Marketing,Mid-Senior Level
Product Marketing Manager,Marketing,Mid-Senior Level
Digital Marketing Manager,Marketing,Mid-Senior Level
Growth Marketing Manager,Marketing,Mid-Senior Level
Demand Generation Manager,Marketing,Mid-Senior Level
Brand Manager,Marketing,Mid-Senior Level
Content Marketing Manager,Marketing,Mid-Senior Level
Social Media Manager,Marketing,Associate
Performance Marketing Manager,Marketing,Mid-Senior Level
Sales Manager,Sales,Mid-Senior Level
Account Executive,Sales,Mid-Senior Level
Account Manager,Sales,Mid-Senior Level
Business Development Manager,Business Development,Mid-Senior Level
Business Development Representative,Business Development,Entry Level
Sales Development Representative,Sales,Entry Level
Product Manager,Product Management,Mid-Senior Level
Senior Product Manager,Product Management,Mid-Senior Level
Software Engineer,Engineering,Mid-Senior Level
Senior Software Engineer,Engineering,Mid-Senior Level
Staff Software Engineer,Engineering,Mid-Senior Level
Engineering Manager,Engineering,Mid-Senior Level
Data Scientist,Engineering,Mid-Senior Level
Data Analyst,Research,Associate
DevOps Engineer,Information Technology,Mid-Senior Level
IT Manager,Information Technology,Mid-Senior Level
Solutions Architect,Information Technology,Mid-Senior Level
Operations Manager,Operations,Mid-Senior Level
Project Manager,Program and Project Management,Mid-Senior Level
Program Manager,Program and Project Management,Mid-Senior Level
Finance Manager,Finance,Mid-Senior Level
Financial Analyst,Finance,Associate
Controller,Finance,Director
Accountant,Accounting,Associate
HR Manager,Human Resources,Mid-Senior Level
Recruiter,Human Resources,Associate
Talent Acquisition Manager,Human Resources,Mid-Senior Level
Customer Success Manager,Support,Mid-Senior Level
Customer Support Specialist,Support,Associate
Consultant,Consulting,Mid-Senior Level
Management Consultant,Consulting,Mid-Senior Level
General Counsel,Legal,Executive
Legal Counsel,Legal,Mid-Senior Level
Procurement Manager,Purchasing,Mid-Senior Level
Quality Assurance Engineer,Quality Assurance,Mid-Senior Level
Research Scientist,Research,Mid-Senior Level
UX Designer,Arts and Design,Mid-Senior Level
Product Designer,Arts and Design,Mid-Senior Level
Graphic Designer,Arts and Design,Associate
Real Estate Agent,Real Estate,Associate
Teacher,Education,Associate
Professor,Education,Mid-Senior Level
Registered Nurse,Healthcare Services,Associate
Physician,Healthcare Services,Mid-Senior Level
Social Worker,Community and Social Services,Associate
Administrative Assistant,Administrative,Entry Level
Office Manager,Administrative,Mid-Senior Level
